Council,Suburb,Post Code
1,Abbeyard,3737
2,Abbotsford,3067
3,Aberfeldie,3040
4,Aberfeldy,3825
5,Acheron,3714
6,Adams Estate,3984
7,Addington,3352
8,Adelaide Lead,3465
9,Agnes,3962
10,Aintree,3336
11,Aireys Inlet,3231
12,Airly,3851
3,Airport West,3042
13,Albanvale,3021
14,Albert Park,3206
12,Alberton,3971
12,Alberton West,3971
13,Albion,3020
5,Alexandra,3714
7,Alfredton,3350
4,Allambee,3823
4,Allambee Reserve,3871
9,Allambee Reserve,3871
9,Allambee South,3871
15,Allans Flat,3691
16,Allansford,3277
17,Allansford,3277
18,Allendale,3364
19,Allestree,3305
8,Alma,3465
20,Almonds,3727
6,Almurta,3979
21,Alphington,3078
2,Alphington,3078
22,Altona,3018
22,Altona Meadows,3028
22,Altona North,3025
23,Alvie,3249
8,Amherst,3371
4,Amor,3825
24,Amphitheatre,3468
25,Anakie,3213
26,Anakie,3213
27,Ancona,3715
6,Anderson,3995
28,Anglers Rest,3898
11,Anglesea,3230
29,Annuello,3549
30,Antwerp,3414
23,Apollo Bay,3233
31,Appin,3579
31,Appin South,3579
32,Appin South,3579
33,Apsley,3319
34,Arapiles,3409
35,Ararat,3377
9,Arawata,3951
36,Arcadia,3631
37,Arcadia South,3631
8,Archdale,3475
38,Archdale,3475
8,Archdale Junction,3475
39,Archerton,3723
40,Archerton,3723
6,Archies Creek,3995
13,Ardeer,3022
36,Ardmona,3629
41,Areegra,3480
42,Argyle,3523
43,Armadale,3143
35,Armstrong,3377
26,Armstrong Creek,3217
32,Arnold,3551
32,Arnold West,3551
44,Arthurs Creek,3099
45,Arthurs Seat,3936
7,Ascot,3364
42,Ascot,3551
3,Ascot Vale,3032
46,Ashbourne,3442
47,Ashburton,3147
48,Ashwood,3147
49,Aspendale,3195
49,Aspendale Gardens,3195
4,Athlone,3818
50,Attwood,3049
41,Aubrey,3393
32,Auchmore,3570
26,Avalon,3212
37,Avenel,3664
51,Avenel,3664
24,Avoca,3467
38,Avon Plains,3477
3,Avondale Heights,3034
42,Avonmore,3559
52,Avonsleigh,3782
42,Axe Creek,3551
42,Axedale,3551
53,Ayrford,3268
16,Ayrford,3268
54,Bacchus Marsh,3340
37,Baddaginnie,3670
40,Baddaginnie,3670
55,Badger Creek,3777
31,Bael Bael,3579
42,Bagshot,3551
42,Bagshot North,3551
19,Bahgallah,3312
37,Bailieston,3608
28,Bairnsdale,3875
7,Bakery Hill,3350
14,Balaclava,3183
18,Bald Hills,3364
7,Bald Hills,3364
23,Balintore,3249
54,Ballan,3342
16,Ballangeich,3279
56,Ballapur,3483
7,Ballarat Central,3350
7,Ballarat East,3350
7,Ballarat North,3350
57,Ballendella,3561
54,Balliang,3340
26,Balliang,3340
54,Balliang East,3340
35,Ballyrogan,3375
37,Balmattum,3666
58,Balmoral,3407
45,Balnarring,3926
45,Balnarring Beach,3926
12,Balook,3971
47,Balwyn,3103
59,Balwyn North,3104
47,Balwyn North,3104
57,Bamawm,3561
57,Bamawm Extension,3564
11,Bambra,3241
25,Bamganie,3333
60,Bandiana,3691
41,Bangerang,3393
61,Bangholme,3175
28,Banksia Peninsula,3875
29,Bannerton,3549
25,Bannockburn,3331
56,Banyan,3485
38,Banyena,3388
60,Baranduda,3691
62,Barfold,3444
62,Baringhup,3463
62,Baringhup West,3463
27,Barjarg,3723
62,Barkers Creek,3451
24,Barkly,3384
38,Barkly,3384
54,Barkstead,3364
20,Barmah,3639
42,Barnadown,3557
15,Barnawartha,3688
60,Barnawartha North,3691
9,Baromi,3871
23,Barongarook,3249
23,Barongarook West,3249
11,Barrabool,3221
56,Barrakee,3525
23,Barramunga,3249
32,Barraport,3537
32,Barraport West,3537
54,Barrys Reef,3458
25,Barunah Park,3329
23,Barunah Plains,3329
1,Barwidgee,3737
27,Barwite,3722
23,Barwon Downs,3243
26,Barwon Heads,3227
18,Basalt,3460
6,Bass,3991
25,Batesford,3213
26,Batesford,3213
20,Bathumi,3730
45,Baxter,3911
35,Bayindeen,3375
52,Bayles,3981
46,Baynton,3444
46,Baynton East,3444
63,Bayswater,3153
64,Bayswater North,3153
52,Beaconsfield,3807
65,Beaconsfield,3807
52,Beaconsfield Upper,3808
8,Bealiba,3475
20,Bearii,3641
32,Bears Lagoon,3517
31,Beauchamp,3579
29,Beauchamp,3579
24,Beaufort,3373
66,Beaumaris,3193
38,Beazleys Bridge,3477
23,Beeac,3251
23,Beech Forest,3237
15,Beechworth,3747
55,Beenak,3139
55,Belgrave,3160
55,Belgrave Heights,3160
55,Belgrave South,3160
26,Bell Park,3215
26,Bell Post Hill,3215
26,Bellarine,3223
28,Bellbird Creek,3889
11,Bellbrae,3228
67,Bellbridge,3691
38,Bellellen,3381
68,Bellfield,3081
11,Bells Beach,3228
26,Belmont,3216
28,Bemm River,3889
9,Bena,3946
40,Benalla,3672
28,Benambra,3900
33,Benayeo,3319
44,Bend Of Islands,3097
42,Bendigo,3550
28,Bendoc,3888
28,Bengworden,3875
31,Benjeroop,3579
46,Benloch,3435
9,Bennison,3960
69,Bentleigh,3204
69,Bentleigh East,3165
11,Benwerrin,3235
54,Beremboke,3342
32,Berrimal,3518
25,Berringa,3351
67,Berringama,3691
56,Berriwillock,3531
53,Berrybank,3323
9,Berrys Creek,3953
65,Berwick,3806
16,Bessiebelle,3304
8,Bet Bet,3472
28,Bete Bolong,3888
28,Bete Bolong North,3888
67,Bethanga,3691
8,Betley,3472
70,Beulah,3395
41,Beulah,3395
29,Beverford,3590
51,Beveridge,3753
71,Beveridge,3753
72,Big Desert,3490
42,Big Hill,3555
11,Big Hill,3231
55,Big Pats Creek,3799
67,Biggara,3707
56,Bimbourie,3533
28,Bindi,3896
12,Binginwarri,3966
9,Binginwarri,3966
28,Bingo Munjie,3898
56,Birchip,3483
56,Birchip West,3483
72,Birdwoodton,3505
23,Birregurra,3242
11,Birregurra,3242
45,Bittern,3918
7,Black Hill,3350
35,Black Range,3381
38,Black Range,3381
66,Black Rock,3193
59,Blackburn,3130
59,Blackburn North,3130
59,Blackburn South,3130
34,Blackheath,3401
12,Blackwarry,3844
54,Blackwood,3458
45,Blairgowrie,3942
54,Blakeville,3342
18,Blampied,3364
65,Blind Bight,3980
7,Blowhard,3352
24,Bo Peep,3351
7,Bo Peep,3351
39,Bobinawarrah,3678
58,Bochara,3301
1,Bogong,3699
37,Boho,3669
37,Boho South,3669
56,Boigbeat,3531
72,Boinka,3490
12,Boisdale,3860
38,Bolangum,3387
46,Bolinda,3432
29,Bolton,3546
19,Bolwarra,3305
54,Bolwarrah,3352
4,Bona Vista,3820
28,Bonang,3888
49,Bonbeach,3196
60,Bonegilla,3691
45,Boneo,3939
57,Bonn,3561
10,Bonnie Brook,3335
27,Bonnie Doon,3720
7,Bonshaw,3352
53,Bookaar,3260
9,Boolarong,3960
73,Boolarra,3870
73,Boolarra South,3870
28,Boole Poole,3880
41,Boolite,3392
20,Boomahnoomoonah,3728
11,Boonah,3235
53,Boorcan,3265
39,Boorhaman,3678
39,Boorhaman East,3678
39,Boorhaman North,3685
27,Boorolite,3723
9,Boorool,3953
32,Boort,3537
20,Boosey,3730
39,Boralma,3682
35,Bornes Hill,3379
63,Boronia,3155
32,Borung,3518
53,Bostocks Creek,3260
65,Botanic Ridge,3977
29,Boundary Bend,3599
8,Bowenvale,3465
40,Boweya,3675
39,Boweya,3675
20,Boweya North,3675
39,Bowmans Forest,3735
39,Bowser,3678
59,Box Hill,3128
59,Box Hill North,3129
59,Box Hill South,3128
40,Boxwood,3725
36,Boxwood,3725
62,Bradford,3463
53,Bradvale,3361
49,Braeside,3195
4,Brandy Creek,3821
58,Branxholme,3302
19,Branxholme,3302
4,Bravington,3821
74,Braybrook,3019
19,Breakaway Creek,3303
26,Breakwater,3219
11,Breamlea,3227
26,Breamlea,3227
32,Brenanah,3517
24,Brewster,3352
12,Briagolong,3860
68,Briar Hill,3088
27,Bridge Creek,3723
32,Bridgewater,3516
32,Bridgewater North,3516
32,Bridgewater On Loddon,3516
1,Bright,3741
66,Brighton,3186
69,Brighton East,3187
66,Brighton East,3187
41,Brim,3391
19,Brimboal,3312
15,Brimin,3685
34,Brimpaen,3401
33,Bringalbert,3319
58,Brit Brit,3315
51,Broadford,3658
28,Broadlands,3875
50,Broadmeadows,3047
16,Broadwater,3301
28,Brodribb River,3888
40,Broken Creek,3673
8,Bromley,3472
10,Brookfield,3338
22,Brooklyn,3012
13,Brooklyn,3012
28,Brookville,3896
18,Broomfield,3364
30,Broughton,3418
7,Brown Hill,3350
15,Browns Plains,3685
15,Bruarong,3749
53,Brucknell,3268
75,Brunswick,3056
75,Brunswick East,3057
75,Brunswick West,3055
28,Bruthen,3885
35,Buangor,3375
24,Buangor,3375
28,Buchan,3885
28,Buchan South,3885
1,Buckland,3740
11,Buckley,3240
58,Buckley Swamp,3301
56,Buckrabanyule,3525
32,Buckrabanyule,3525
73,Budgeree,3870
31,Budgerum East,3579
9,Buffalo,3958
1,Buffalo River,3737
58,Bulart,3314
28,Buldah,3890
29,Bulga,3586
38,Bulgana,3377
50,Bulla,3428
53,Bullaharre,3266
18,Bullarook,3352
54,Bullarook,3352
18,Bullarto,3461
54,Bullarto South,3461
18,Bullarto South,3461
76,Bulleen,3105
46,Bullengarook,3437
67,Bullioh,3700
28,Bullumwaal,3875
4,Buln Buln,3821
4,Buln Buln East,3821
28,Bumberrah,3902
36,Bunbartha,3634
12,Bundalaguah,3851
20,Bundalong,3730
20,Bundalong South,3730
54,Bunding,3342
71,Bundoora,3083
21,Bundoora,3083
68,Bundoora,3083
8,Bung Bong,3465
24,Bung Bong,3465
23,Bungador,3260
54,Bungal,3334
34,Bungalally,3401
54,Bungaree,3352
40,Bungeet,3726
40,Bungeet West,3726
67,Bungil,3691
56,Bunguluke,3527
54,Buninyong,3357
7,Buninyong,3357
7,Bunkers Hill,3352
52,Bunyip,3815
52,Bunyip North,3815
31,Burkes Bridge,3568
32,Burkes Flat,3475
24,Burnbank,3371
57,Burnewang,3558
2,Burnley,3121
10,Burnside,3023
10,Burnside Heights,3023
57,Burramboot,3559
20,Burramine,3730
20,Burramine South,3730
67,Burrowye,3709
24,Burrumbeet,3352
7,Burrumbeet,3352
48,Burwood,3125
59,Burwood,3125
59,Burwood East,3151
17,Bushfield,3281
16,Bushfield,3281
12,Bushy Park,3860
28,Butchers Ridge,3885
5,Buxton,3711
16,Byaduk,3301
58,Byaduk,3301
58,Byaduk North,3300
39,Byawatha,3678
46,Bylands,3762
51,Bylands,3762
36,Byrneside,3617
72,Cabarita,3505
18,Cabbage Tree,3364
28,Cabbage Tree Creek,3889
46,Cadello,3442
13,Cairnlea,3023
52,Caldermeade,3984
42,California Gully,3556
32,Calivil,3573
38,Callawadda,3387
73,Callignee,3844
12,Callignee North,3844
12,Callignee South,3844
12,Calrossie,3971
28,Calulu,3875
47,Camberwell,3124
25,Cambrian Hill,3352
50,Campbellfield,3061
38,Campbells Bridge,3387
62,Campbells Creek,3451
32,Campbells Forest,3556
8,Campbelltown,3364
62,Campbelltown,3364
18,Campbelltown,3364
53,Camperdown,3260
7,Canadian,3350
32,Canary Island,3537
36,Caniambo,3630
28,Cann River,3890
31,Cannie,3540
65,Cannons Creek,3977
41,Cannum,3393
47,Canterbury,3126
19,Cape Bridgewater,3305
25,Cape Clear,3351
28,Cape Conran,3888
23,Cape Otway,3233
6,Cape Paterson,3995
45,Cape Schanck,3939
6,Cape Woolamai,3925
45,Capel Sound,3940
31,Capels Crossing,3579
57,Carag Carag,3623
8,Caralulup,3371
16,Caramut,3274
38,Carapooee,3477
38,Carapooee West,3477
58,Carapook,3312
19,Carapook,3312
39,Carboor,3678
7,Cardigan,3352
7,Cardigan Village,3352
52,Cardinia,3978
72,Cardross,3496
54,Cargerie,3334
72,Carina,3512
4,Caringal,3825
8,Carisbrook,3464
62,Carisbrook,3464
23,Carlisle River,3239
46,Carlsruhe,3442
77,Carlton,3053
77,Carlton North,3054
2,Carlton North,3054
15,Carlyle,3685
69,Carnegie,3163
24,Carngham,3351
10,Caroline Springs,3023
53,Carpendeit,3260
23,Carpendeit,3260
12,Carrajung,3844
12,Carrajung Lower,3844
12,Carrajung South,3844
35,Carranballac,3361
24,Carranballac,3361
56,Carron,3480
49,Carrum,3197
78,Carrum Downs,3201
72,Carwarp,3494
19,Cashmore,3305
28,Cassilis,3898
5,Castella,3777
19,Casterton,3311
60,Castle Creek,3691
29,Castle Donnington,3585
62,Castlemaine,3450
52,Catani,3981
35,Cathcart,3377
5,Cathkin,3714
32,Catumnal,3537
69,Caulfield,3162
69,Caulfield East,3145
69,Caulfield North,3161
69,Caulfield South,3162
5,Caveat,3660
58,Cavendish,3314
26,Ceres,3221
48,Chadstone,3148
28,Chandlers Creek,3890
53,Chapple Vale,3239
23,Chapple Vale,3239
33,Charam,3318
26,Charlemont,3217
15,Charleroi,3695
56,Charlton,3525
35,Chatsworth,3379
16,Chatsworth,3379
49,Chelsea,3196
49,Chelsea Heights,3196
49,Cheltenham,3192
66,Cheltenham,3192
24,Chepstowe,3351
46,Cherokee,3434
58,Cherrypool,3401
39,Cheshunt,3678
40,Chesney Vale,3725
33,Chetwynd,3312
62,Chewton,3451
62,Chewton Bushlands,3451
4,Childers,3824
29,Chillingollah,3585
15,Chiltern,3683
15,Chiltern Valley,3683
29,Chinangin,3544
29,Chinkapook,3546
46,Chintin,3756
55,Chirnside Park,3116
56,Chirrip,3525
53,Chocolyn,3260
44,Christmas Hills,3775
55,Chum Creek,3777
73,Churchill,3842
6,Churchill Island,3925
24,Chute,3373
54,Clarendon,3352
54,Claretown,3352
49,Clarinda,3169
50,Clarkefield,3430
46,Clarkefield,3430
54,Clarkes Hill,3352
48,Clayton,3168
49,Clayton South,3169
34,Clear Lake,3409
55,Clematis,3782
52,Clematis,3782
28,Clifton Creek,3875
2,Clifton Hill,3068
26,Clifton Springs,3222
51,Clonbinane,3658
58,Clover Flat,3315
4,Cloverlea,3822
28,Club Terrace,3889
18,Clunes,3370
65,Clyde,3978
65,Clyde North,3978
12,Clydebank,3851
18,Clydesdale,3461
4,Coalville,3825
12,Cobains,3851
46,Cobaw,3442
28,Cobbannah,3862
10,Cobblebank,3338
53,Cobden,3266
20,Cobram,3644
20,Cobram East,3644
53,Cobrico,3266
28,Cobungra,3898
75,Coburg,3058
21,Coburg,3058
75,Coburg North,3058
21,Coburg North,3058
29,Cocamba,3546
32,Cochranes Creek,3475
52,Cockatoo,3781
16,Codrington,3285
7,Coghills Creek,3364
31,Cohuna,3568
54,Coimadai,3340
56,Cokum,3542
23,Colac,3250
67,Colac Colac,3707
23,Colac East,3250
23,Colac West,3250
57,Colbinabbin,3559
54,Colbrook,3342
55,Coldstream,3770
58,Coleraine,3315
72,Colignan,3494
2,Collingwood,3066
28,Combienbar,3889
38,Concongella,3384
19,Condah,3303
16,Condah Swamp,3286
36,Congupna,3633
11,Connewarre,3227
26,Connewarre,3227
33,Connewirricoo,3318
58,Coojar,3315
50,Coolaroo,3048
36,Cooma,3616
36,Coomboona,3629
18,Coomoora,3461
12,Coongulla,3860
56,Coonooer Bridge,3477
38,Coonooer Bridge,3477
38,Coonooer West,3477
53,Cooriemungle,3268
38,Cope Cope,3480
56,Cope Cope,3480
52,Cora Lynn,3814
56,Corack,3480
56,Corack East,3480
23,Coragulac,3249
1,Coral Bank,3691
25,Corindhap,3352
6,Corinella,3984
26,Corio,3214
19,Corndale,3311
57,Cornella,3551
15,Cornishtown,3683
6,Coronet Bay,3984
57,Corop,3559
23,Cororooke,3254
28,Corringle,3888
67,Corryong,3707
23,Corunnun,3249
36,Cosgrove,3631
36,Cosgrove South,3631
42,Costerfield,3523
8,Cotswold,3465
44,Cottles Bridge,3099
72,Cowangie,3506
6,Cowes,3922
53,Cowleys Creek,3268
12,Cowwarr,3857
73,Cowwarr,3857
8,Craigie,3465
50,Craigieburn,3064
65,Cranbourne,3977
65,Cranbourne East,3977
65,Cranbourne North,3977
65,Cranbourne South,3977
65,Cranbourne West,3977
37,Creek Junction,3669
57,Creek View,3558
37,Creightons Creek,3666
2,Cremorne,3121
25,Cressy,3322
53,Cressy,3322
23,Cressy,3322
7,Creswick,3363
18,Creswick,3363
18,Creswick North,3363
45,Crib Point,3919
12,Crooked River,3862
24,Cross Roads,3373
16,Crossley,3283
4,Crossover,3821
35,Crowlands,3377
38,Crowlands,3377
24,Crowlands,3377
58,Croxton East,3301
64,Croydon,3136
64,Croydon Hills,3136
64,Croydon North,3136
64,Croydon South,3136
30,Crymelon,3393
41,Crymelon,3393
16,Cudgee,3265
67,Cudgewa,3705
56,Culgoa,3530
58,Culla,3315
31,Cullen,3568
72,Cullulleraine,3496
23,Cundare,3251
53,Cundare North,3251
23,Cundare North,3251
53,Curdies River,3268
16,Curdievale,3268
53,Curdievale,3268
26,Curlewis,3222
56,Curyo,3483
34,Dadswells Bridge,3385
38,Dadswells Bridge,3385
8,Daisy Hill,3465
54,Dales Creek,3341
50,Dallas,3047
52,Dalmore,3981
31,Daltons Bridge,3568
38,Dalyenong,3477
6,Dalyston,3992
61,Dandenong,3175
61,Dandenong North,3175
61,Dandenong South,3175
1,Dandongadale,3737
12,Dargo,3862
54,Darley,3340
9,Darlimurla,3871
73,Darlimurla,3871
53,Darlington,3271
16,Darlington,3271
4,Darnum,3822
46,Darraweit Guim,3756
12,Darriman,3851
19,Dartmoor,3304
67,Dartmouth,3701
28,Dartmouth,3701
12,Dawson,3858
18,Daylesford,3460
18,Dean,3363
11,Deans Marsh,3235
10,Deanside,3336
28,Deddick Valley,3888
1,Dederang,3691
38,Deep Lead,3385
47,Deepdene,3103
13,Deer Park,3023
7,Delacombe,3356
13,Delahey,3037
27,Delatite,3723
4,Delburn,3871
73,Delburn,3871
9,Delburn,3871
28,Delegate River,3888
35,Denicull Creek,3377
12,Denison,3858
16,Dennington,3280
17,Dennington,3280
18,Denver,3461
32,Derby,3516
25,Dereel,3352
33,Dergholm,3312
19,Dergholm,3312
13,Derrimut,3026
42,Derrinal,3523
53,Derrinallum,3325
40,Devenish,3726
5,Devils River,3714
65,Devon Meadows,3977
12,Devon North,3971
52,Dewhurst,3808
36,Dhurringile,3610
44,Diamond Creek,3089
19,Digby,3309
10,Diggers Rest,3427
50,Diggers Rest,3427
57,Diggora,3561
30,Dimboola,3414
41,Dimboola,3414
32,Dingee,3571
49,Dingley Village,3172
31,Dingwall,3579
1,Dinner Plain,3898
53,Dixie,3265
55,Dixons Creek,3775
35,Dobie,3377
39,Docker,3678
39,Dockers Plains,3678
77,Docklands,3008
28,Doctors Flat,3895
9,Dollar,3871
55,Don Valley,3139
56,Donald,3480
76,Doncaster,3108
76,Doncaster East,3109
71,Donnybrook,3064
76,Donvale,3111
56,Dooboobetic,3478
34,Dooen,3401
36,Dookie,3646
36,Dookie College,3647
71,Doreen,3754
44,Doreen,3754
33,Dorodong,3312
34,Douglas,3409
33,Douglas,3409
65,Doveton,3177
23,Dreeite,3249
23,Dreeite South,3249
73,Driffield,3840
19,Drik Drik,3304
45,Dromana,3936
5,Dropmore,3660
4,Drouin,3818
4,Drouin East,3818
4,Drouin South,3818
4,Drouin West,3818
20,Drumanure,3636
19,Drumborg,3304
26,Drumcondra,3215
42,Drummartin,3570
18,Drummond,3461
46,Drummond,3461
18,Drummond North,3446
62,Drummond North,3446
46,Drummond North,3446
34,Drung,3401
18,Dry Diggings,3461
26,Drysdale,3222
34,Duchembegarra,3409
9,Dumbalk,3956
9,Dumbalk North,3956
56,Dumosa,3527
18,Dunach,3371
8,Dunach,3371
16,Dundonnell,3271
58,Dunkeld,3294
35,Dunkeld,3294
8,Dunluce,3472
35,Dunneworthy,3377
54,Dunnstown,3352
8,Dunolly,3472
32,Dunolly,3472
19,Dunrobin,3312
25,Durdidwarrah,3342
54,Durham Lead,3352
7,Durham Lead,3352
25,Durham Lead,3352
32,Durham Ox,3576
12,Dutson,3851
19,Dutton Way,3305
53,Duverney,3323
28,Eagle Point,3878
42,Eaglehawk,3556
42,Eaglehawk North,3556
68,Eaglemont,3084
37,Earlston,3669
28,East Bairnsdale,3875
42,East Bendigo,3550
26,East Geelong,3219
77,East Melbourne,3002
12,East Sale,3852
39,East Wangaratta,3678
55,East Warburton,3799
11,Eastern View,3231
32,Eastville,3463
28,Eastwood,3875
60,Ebden,3691
57,Echuca,3564
57,Echuca Village,3564
57,Echuca West,3564
16,Ecklin South,3265
53,Ecklin South,3265
32,Eddington,3472
62,Eddington,3472
8,Eddington,3472
71,Eden Park,3757
33,Edenhope,3318
46,Edgecombe,3444
39,Edi,3678
39,Edi Upper,3678
49,Edithvale,3196
18,Eganstown,3461
5,Eildon,3713
54,Elaine,3334
39,Eldorado,3746
18,Elevated Plains,3461
53,Elingamite,3266
53,Elingamite North,3266
28,Ellaswood,3875
16,Ellerslie,3265
23,Elliminyt,3250
4,Ellinbank,3821
35,Elmhurst,3469
24,Elmhurst,3469
42,Elmore,3558
62,Elphinstone,3448
69,Elsternwick,3185
68,Eltham,3095
44,Eltham,3095
44,Eltham North,3095
68,Eltham North,3095
14,Elwood,3184
52,Emerald,3782
55,Emerald,3782
32,Emu,3475
38,Emu,3475
42,Emu Creek,3551
65,Endeavour Hills,3802
25,Enfield,3352
58,Englefield,3407
28,Ensay,3895
28,Ensay North,3895
42,Eppalock,3551
71,Epping,3076
42,Epsom,3551
7,Ercildoune,3352
24,Ercildoune,3352
4,Erica,3825
67,Eskdale,3701
20,Esmond,3730
3,Essendon,3040
3,Essendon Fields,3041
3,Essendon North,3041
3,Essendon West,3040
65,Eumemmerring,3177
23,Eurack,3251
7,Eureka,3350
37,Euroa,3666
1,Eurobin,3739
18,Evansford,3371
24,Evansford,3371
35,Eversley,3377
39,Everton,3678
39,Everton Upper,3678
10,Exford,3338
10,Eynesbury,3338
9,Fairbank,3951
2,Fairfield,3078
21,Fairfield,3078
11,Fairhaven,3231
31,Fairley,3579
57,Fairy Dell,3561
62,Faraday,3451
5,Fawcett,3714
50,Fawkner,3060
75,Fawkner,3060
32,Fentons Creek,3518
23,Ferguson,3237
18,Fern Hill,3458
46,Fern Hill,3458
12,Fernbank,3864
28,Fernbank,3864
4,Ferndale,3821
32,Fernihurst,3518
63,Ferntree Gully,3156
55,Ferny Creek,3786
10,Fieldstone,3024
32,Fiery Flat,3518
45,Fingal,3939
9,Fish Creek,3959
29,Fish Point,3585
54,Fiskville,3342
2,Fitzroy,3065
75,Fitzroy North,3068
2,Fitzroy North,3068
28,Flaggy Creek,3875
8,Flagstaff,3465
12,Flamingo Beach,3851
77,Flemington,3031
3,Flemington,3031
45,Flinders,3929
42,Flora Hill,3550
5,Flowerdale,3717
12,Flynn,3844
73,Flynn,3844
73,Flynns Creek,3844
12,Flynns Creek,3844
74,Footscray,3011
51,Forbes,3764
59,Forest Hill,3131
28,Forge Creek,3875
23,Forrest,3236
9,Foster,3960
9,Foster North,3960
42,Fosterville,3557
53,Foxhow,3323
16,Framlingham,3265
16,Framlingham East,3265
18,Franklinford,3461
62,Franklinford,3461
78,Frankston,3199
78,Frankston North,3200
78,Frankston South,3199
10,Fraser Rise,3336
1,Freeburgh,3741
24,Frenchmans,3384
11,Freshwater Creek,3217
62,Fryerstown,3451
12,Fulham,3851
4,Fumina,3825
4,Fumina South,3825
38,Fyans Creek,3381
26,Fyansford,3218
27,Gaffneys Creek,3723
4,Gainsborough,3822
31,Gannawarra,3568
1,Gapsted,3737
69,Gardenvale,3185
52,Garfield,3814
52,Garfield North,3814
25,Garibaldi,3352
16,Garvoc,3265
53,Garvoc,3265
60,Gateway Island,3691
58,Gatum,3407
16,Gazette,3289
58,Gazette,3289
26,Geelong,3220
26,Geelong West,3218
28,Gelantipy,3885
23,Gellibrand,3239
53,Gellibrand Lower,3237
12,Gelliondale,3971
52,Gembrook,3783
28,Genoa,3891
67,Georges Creek,3700
29,Gerahmin,3546
30,Gerang Gerung,3418
23,Gerangamete,3249
38,Germania,3387
1,Germantown,3741
16,Gerrigerrup,3289
11,Gherang,3240
25,Gheringhap,3331
5,Ghin Ghin,3717
12,Giffard,3851
12,Giffard West,3851
56,Gil Gil,3480
55,Gilderoy,3797
36,Gillieston,3616
28,Gipsy Point,3891
57,Girgarre,3624
36,Girgarre East,3616
46,Gisborne,3437
46,Gisborne South,3437
32,Gladfield,3575
50,Gladstone Park,3043
55,Gladysdale,3797
6,Glen Alvie,3979
1,Glen Creek,3691
6,Glen Forbes,3990
69,Glen Huntly,3163
47,Glen Iris,3146
43,Glen Iris,3146
54,Glen Park,3352
7,Glen Park,3352
28,Glen Valley,3898
48,Glen Waverley,3150
23,Glenaire,3238
28,Glenaladale,3864
32,Glenalbyn,3517
51,Glenaroua,3764
24,Glenbrae,3352
5,Glenburn,3717
7,Glendaruel,3363
7,Glendonald,3364
53,Glenfyne,3266
12,Glengarry,3854
73,Glengarry,3854
73,Glengarry North,3854
73,Glengarry West,3854
18,Glengower,3370
8,Glengower,3370
51,Glenhope,3444
51,Glenhope East,3522
58,Glenisla,3314
30,Glenlee,3418
24,Glenlofty,3469
35,Glenlogie,3469
24,Glenlogie,3469
56,Glenloth,3527
56,Glenloth East,3527
62,Glenluce,3451
18,Glenlyon,3461
12,Glenmaggie,3858
54,Glenmore,3340
38,Glenorchy,3385
53,Glenormiston North,3265
16,Glenormiston North,3265
53,Glenormiston South,3265
24,Glenpatrick,3469
40,Glenrowan,3675
39,Glenrowan,3675
40,Glenrowan West,3675
75,Glenroy,3046
35,Glenthompson,3293
58,Glenthompson,3293
12,Glomar Beach,3851
11,Gnarwarre,3221
53,Gnotuk,3260
57,Gobarup,3559
5,Gobur,3719
12,Golden Beach,3851
42,Golden Gully,3555
7,Golden Point,3350
62,Golden Point,3451
8,Golden Point,3465
42,Golden Square,3555
46,Goldie,3435
8,Goldsborough,3472
32,Goldsborough,3472
7,Gong Gong,3352
31,Gonn Crossing,3579
40,Goomalibee,3673
28,Goon Nure,3875
28,Goongerah,3888
37,Gooram,3666
15,Gooramadda,3685
40,Goorambat,3725
42,Goornong,3557
38,Gooroc,3477
19,Gorae,3305
19,Gorae West,3305
54,Gordon,3345
12,Gormandale,3873
33,Goroke,3412
29,Goschen,3585
27,Goughs Bay,3723
36,Goulburn Weir,3608
37,Goulburn Weir,3608
75,Gowanbrae,3043
29,Gowanford,3544
36,Gowangardie,3669
38,Gowar East,3477
32,Gowar East,3477
62,Gower,3463
36,Grahamvale,3631
73,Grand Ridge,3870
12,Grand Ridge,3870
10,Grangefields,3335
28,Granite Rock,3875
6,Grantville,3984
67,Granya,3701
34,Grass Flat,3409
33,Grass Flat,3409
19,Grassdale,3302
16,Grassmere,3281
37,Graytown,3608
38,Gre Gre,3477
38,Gre Gre North,3477
38,Gre Gre South,3477
38,Great Western,3374
35,Great Western,3374
31,Gredgwin,3537
32,Gredgwin,3537
62,Green Gully,3462
54,Greendale,3341
62,Greenhill,3444
46,Greenhill,3444
38,Greens Creek,3387
68,Greensborough,3088
44,Greensborough,3088
50,Greenvale,3059
19,Greenwald,3304
25,Grenville,3352
54,Grenville,3352
39,Greta,3675
39,Greta South,3675
39,Greta West,3675
23,Grey River,3234
58,Gringegalgona,3315
58,Gritjurk,3315
26,Grovedale,3216
55,Gruyere,3770
62,Guildford,3451
18,Guildford,3451
57,Gunbower,3566
1,Gundowring,3691
15,Gundowring,3691
67,Guys Forest,3709
52,Guys Hill,3807
33,Gymbowen,3401
25,Haddon,3351
75,Hadfield,3046
65,Hallam,3803
4,Hallora,3818
38,Halls Gap,3381
9,Hallston,3953
58,Hamilton,3300
26,Hamlyn Heights,3215
66,Hampton,3188
66,Hampton East,3188
65,Hampton Park,3976
39,Hansonville,3675
29,Happy Valley,3549
25,Happy Valley,3360
62,Harcourt,3453
62,Harcourt North,3453
42,Harcourt North,3453
65,Harkaway,3806
10,Harkness,3337
6,Harmers Haven,3995
1,Harrietville,3741
58,Harrow,3317
33,Harrow,3317
36,Harston,3616
45,Hastings,3915
72,Hattah,3501
8,Havelock,3465
34,Haven,3401
1,Havilah,3737
16,Hawkesdale,3287
12,Hawkhurst,3862
47,Hawthorn,3122
47,Hawthorn East,3123
9,Hazel Park,3966
73,Hazelwood,3840
73,Hazelwood North,3840
73,Hazelwood South,3840
55,Healesville,3777
52,Heath Hill,3981
4,Heath Hill,3981
42,Heathcote,3523
51,Heathcote Junction,3758
51,Heathcote South,3523
49,Heatherton,3202
19,Heathmere,3305
64,Heathmont,3135
12,Hedley,3967
9,Hedley,3967
68,Heidelberg,3084
68,Heidelberg Heights,3081
68,Heidelberg West,3081
58,Hensley Park,3301
19,Henty,3312
18,Hepburn,3461
18,Hepburn Springs,3461
26,Herne Hill,3218
73,Hernes Oak,3825
4,Hernes Oak,3825
46,Hesket,3442
25,Hesse,3321
16,Hexham,3273
12,Heyfield,3858
53,Heytesbury Lower,3268
19,Heywood,3304
12,Hiamdale,3847
12,Hiawatha,3971
51,High Camp,3764
49,Highett,3190
66,Highett,3190
5,Highlands,3660
51,Highlands,3660
26,Highton,3216
58,Hilgay,3315
4,Hill End,3825
24,Hillcrest,3351
51,Hilldene,3660
28,Hillside,3875
10,Hillside,3037
13,Hillside,3037
28,Hinnomunjie,3898
45,Hmas Cerberus,3920
55,Hoddles Creek,3139
12,Hollands Landing,3862
24,Homebush,3465
19,Homerton,3304
5,Homewood,3717
70,Hopetoun,3396
54,Hopetoun Park,3340
79,Hoppers Crossing,3029
23,Hordern Vale,3238
31,Horfield,3567
32,Horfield,3567
34,Horsham,3400
1,Hotham Heights,3741
19,Hotspur,3303
27,Howes Creek,3723
27,Howqua,3723
27,Howqua Hills,3723
27,Howqua Inlet,3723
48,Hughesdale,3166
71,Humevale,3757
42,Hunter,3558
12,Hunterston,3971
48,Huntingdale,3166
42,Huntly,3551
42,Huntly North,3551
67,Huon,3695
15,Huon,3695
60,Huon Creek,3691
44,Hurstbridge,3099
4,Icy Creek,3833
28,Iguana Creek,3875
25,Illabarook,3351
38,Illawarra,3381
16,Illowa,3282
17,Illowa,3282
26,Indented Head,3223
15,Indigo Valley,3688
32,Inglewood,3517
54,Ingliston,3342
32,Inkerman,3472
20,Invergordon,3636
11,Inverleigh,3321
25,Inverleigh,3321
6,Inverloch,3996
9,Inverloch,3996
7,Invermay,3352
7,Invermay Park,3350
52,Iona,3815
72,Iraak,3494
62,Irishtown,3451
42,Ironbark,3550
23,Irrewarra,3249
23,Irrewillipe,3249
23,Irrewillipe East,3249
72,Irymple,3498
68,Ivanhoe,3079
68,Ivanhoe East,3079
50,Jacana,3047
12,Jack River,3971
42,Jackass Flat,3556
4,Jacob Creek,3825
6,Jam Jerrup,3984
27,Jamieson,3723
11,Jan Juc,3228
53,Jancourt,3266
53,Jancourt East,3266
23,Jancourt East,3266
32,Jarklin,3517
28,Jarrahmond,3888
67,Jarvis Creek,3700
73,Jeeralang,3840
73,Jeeralang Junction,3840
9,Jeetho,3945
56,Jeffcott,3480
56,Jeffcott North,3480
30,Jeparit,3423
56,Jeruk,3527
56,Jil Jil,3483
34,Jilpanger,3409
4,Jindivick,3818
38,Joel Joel,3384
38,Joel South,3384
23,Johanna,3238
28,Johnsonville,3902
62,Joyces Creek,3364
8,Joyces Creek,3364
73,Jumbuk,3869
9,Jumbunna,3951
65,Junction Village,3977
41,Jung,3401
34,Jung,3401
42,Junortoun,3551
20,Kaarimba,3635
33,Kadnook,3318
28,Kalimna,3909
28,Kalimna West,3909
50,Kalkallo,3064
34,Kalkee,3401
55,Kallista,3791
55,Kalorama,3766
56,Kalpienung,3529
42,Kamarooka,3570
32,Kamarooka,3570
32,Kamarooka North,3571
34,Kanagulk,3401
1,Kancoona,3691
42,Kangaroo Flat,3555
44,Kangaroo Ground,3097
33,Kaniva,3419
30,Kaniva,3419
5,Kanumbra,3719
38,Kanya,3387
57,Kanyapella,3564
58,Karabeal,3294
9,Kardella,3951
9,Kardella South,3950
53,Kariah,3260
33,Karnak,3401
36,Karramomus,3631
56,Karyrie,3483
20,Katamatite,3649
20,Katamatite East,3649
36,Katandra,3634
36,Katandra West,3634
20,Katunga,3640
23,Kawarren,3249
13,Kealba,3021
31,Keely,3568
50,Keilor,3036
13,Keilor,3036
13,Keilor Downs,3038
13,Keilor East,3033
3,Keilor East,3033
13,Keilor Lodge,3038
13,Keilor North,3036
13,Keilor Park,3042
41,Kellalac,3393
37,Kelvin View,3666
29,Kenley,3597
30,Kenmare,3395
53,Kennedys Creek,3239
23,Kennett River,3234
42,Kennington,3550
77,Kensington,3031
3,Kensington,3031
31,Kerang,3579
31,Kerang East,3579
15,Kergunyah,3691
1,Kergunyah South,3691
6,Kernot,3979
46,Kerrie,3434
5,Kerrisdale,3660
27,Kevington,3723
47,Kew,3101
47,Kew East,3102
41,Kewell,3390
34,Kewell,3390
61,Keysborough,3173
36,Kialla,3631
36,Kialla East,3631
36,Kialla West,3631
30,Kiata,3418
15,Kiewa,3691
6,Kilcunda,3995
60,Killara,3691
19,Killara,3312
16,Killarney,3283
39,Killawarra,3678
5,Killingworth,3717
12,Kilmany,3851
51,Kilmore,3764
51,Kilmore East,3764
55,Kilsyth,3137
64,Kilsyth,3137
64,Kilsyth South,3137
42,Kimbolton,3551
39,King Valley,3678
5,Kinglake,3763
5,Kinglake Central,3757
5,Kinglake West,3757
71,Kinglake West,3757
32,Kingower,3517
13,Kings Park,3021
21,Kingsbury,3083
18,Kingston,3364
74,Kingsville,3012
56,Kinnabulla,3483
32,Kinypanial,3520
16,Kirkstall,3283
37,Kirwans Bridge,3608
37,Kithbrook,3666
16,Knebsworth,3286
27,Knockwood,3723
42,Knowsley,3523
63,Knoxfield,3180
53,Koallah,3260
67,Koetong,3704
16,Kolora,3265
53,Kolora,3265
6,Kongwak,3951
9,Kongwak,3951
58,Konongwootong,3315
52,Koo Wee Rup,3981
52,Koo Wee Rup North,3981
29,Kooloonong,3597
37,Koonda,3669
31,Koondrook,3580
20,Koonoomoo,3644
9,Koonwarra,3954
38,Kooreh,3477
72,Koorlong,3501
73,Koornalla,3844
18,Kooroocheang,3364
9,Koorooman,3953
43,Kooyong,3144
5,Koriella,3714
54,Korobeit,3341
16,Koroit,3282
32,Korong Vale,3520
31,Koroop,3579
9,Korumburra,3950
9,Korumburra South,3950
54,Korweinguboora,3461
57,Kotta,3565
20,Kotupna,3638
57,Koyuga,3622
6,Krowera,3945
9,Krowera,3945
72,Kulwin,3490
29,Kunat,3585
32,Kurraca,3518
32,Kurraca West,3518
32,Kurting,3517
10,Kurunjang,3337
36,Kyabram,3620
57,Kyabram,3620
36,Kyabram South,3620
46,Kyneton,3444
46,Kyneton South,3444
57,Kyvalley,3621
32,Laanecoorie,3463
16,Laang,3265
4,Labertouche,3816
39,Laceby,3678
42,Ladys Pass,3523
41,Laen,3480
56,Laen,3480
56,Laen East,3480
56,Laen North,3480
41,Lah,3393
34,Laharum,3401
29,Lake Boga,3584
35,Lake Bolac,3351
28,Lake Bunga,3909
31,Lake Charm,3581
19,Lake Condah,3303
27,Lake Eildon,3713
38,Lake Fyans,3381
7,Lake Gardens,3355
24,Lake Goldsmith,3373
38,Lake Lonsdale,3381
32,Lake Marmal,3525
31,Lake Meran,3579
19,Lake Mundi,3312
29,Lake Powell,3597
20,Lake Rowan,3727
28,Lake Tyers,3887
28,Lake Tyers Beach,3909
7,Lake Wendouree,3350
24,Lake Wongan,3373
28,Lakes Entrance,3909
54,Lal Lal,3352
31,Lalbert,3542
71,Lalor,3075
24,Lamplough,3352
57,Lancaster,3620
36,Lancaster,3620
6,Lance Creek,3995
46,Lancefield,3435
24,Landsborough,3384
38,Landsborough West,3384
24,Landsborough West,3384
9,Lang Lang,3984
52,Lang Lang,3984
6,Lang Lang,3984
52,Lang Lang East,3984
18,Langdons Hill,3363
24,Langi Kal Kal,3352
35,Langi Logan,3377
33,Langkoop,3318
62,Langley,3444
12,Langsborough,3971
78,Langwarrin,3910
78,Langwarrin South,3911
26,Lara,3212
4,Lardner,3821
23,Larpent,3249
53,Larralea,3325
70,Lascelles,3487
55,Launching Place,3139
46,Lauriston,3444
23,Lavers Hill,3238
79,Laverton,3028
22,Laverton,3028
79,Laverton North,3026
56,Lawler,3480
41,Lawler,3480
33,Lawloit,3418
18,Lawrence,3364
32,Leaghur,3537
7,Learmonth,3352
38,Ledcourt,3385
42,Leichardt,3516
32,Leichardt,3516
54,Leigh Creek,3352
31,Leitchville,3567
32,Leitchville,3567
36,Lemnos,3631
60,Leneva,3691
18,Leonards Hill,3461
9,Leongatha,3953
9,Leongatha North,3953
9,Leongatha South,3953
26,Leopold,3224
54,Lerderderg,3458
53,Leslie Manor,3260
25,Lethbridge,3332
24,Lexton,3352
12,Licola,3858
12,Licola North,3858
4,Lillico,3820
8,Lillicur,3371
24,Lillicur,3371
33,Lillimur,3420
15,Lilliput,3682
55,Lilydale,3140
40,Lima,3673
40,Lima East,3673
27,Lima South,3673
40,Lima South,3673
5,Limestone,3717
28,Lindenow,3865
28,Lindenow South,3875
19,Lindsay,3312
72,Lindsay Point,3496
72,Linga,3509
24,Linton,3360
25,Linton,3360
29,Liparoo,3549
53,Lismore,3324
56,Litchfield,3480
30,Little Desert,3418
18,Little Hampton,3458
79,Little River,3211
26,Little River,3211
32,Llanelly,3551
12,Llowalong,3862
6,Loch,3945
9,Loch,3945
12,Loch Sport,3851
57,Lockington,3563
37,Locksley,3665
42,Lockwood,3551
42,Lockwood South,3551
32,Loddon Vale,3575
32,Logan,3475
38,Logan,3475
39,Londrigan,3678
54,Long Forest,3340
42,Long Gully,3550
34,Longerenong,3401
41,Longerenong,3401
12,Longford,3851
42,Longlea,3551
52,Longwarry,3816
4,Longwarry,3816
4,Longwarry North,3816
37,Longwood,3665
37,Longwood East,3666
11,Lorne,3232
30,Lorquon,3418
26,Lovely Banks,3213
20,Lower Moira,3639
34,Lower Norton,3401
68,Lower Plenty,3093
41,Lubeck,3385
38,Lubeck,3385
7,Lucas,3350
28,Lucknow,3875
67,Lucyvale,3691
40,Lurg,3673
42,Lyal,3444
65,Lynbrook,3975
61,Lyndhurst,3975
65,Lyndhurst,3975
19,Lyons,3304
18,Lyonville,3461
63,Lysterfield,3156
55,Lysterfield,3156
65,Lysterfield South,3156
16,Macarthur,3286
55,Macclesfield,3782
46,Macedon,3440
12,Macks Creek,3971
68,Macleod,3085
21,Macleod,3085
32,Macorna,3579
31,Macorna,3579
31,Macorna North,3568
27,Macs Cove,3723
12,Madalya,3971
54,Maddingley,3340
35,Mafeking,3379
12,Maffra,3860
12,Maffra West Upper,3859
7,Magpie,3352
42,Maiden Gully,3551
74,Maidstone,3012
16,Mailors Flat,3275
24,Main Lead,3373
45,Main Ridge,3928
27,Maindample,3723
5,Maintongoon,3714
40,Major Plains,3725
36,Major Plains,3725
8,Majorca,3465
62,Maldon,3463
28,Mallacoota,3892
46,Malmsbury,3446
18,Malmsbury,3446
62,Malmsbury,3446
43,Malvern,3144
43,Malvern East,3145
79,Mambourin,3024
29,Manangatang,3546
42,Mandurang,3551
42,Mandurang South,3551
37,Mangalore,3663
51,Mangalore,3663
26,Manifold Heights,3218
26,Mannerim,3222
25,Mannibadar,3360
12,Manns Beach,3971
79,Manor Lakes,3024
28,Manorina,3889
27,Mansfield,3722
28,Maramingo Creek,3891
26,Marcus Hill,3222
9,Mardan,3953
23,Marengo,3233
74,Maribyrnong,3032
36,Marionvale,3634
39,Markwood,3678
56,Marlbed,3483
28,Marlo,3888
38,Marnoo,3387
38,Marnoo East,3477
38,Marnoo West,3387
42,Marong,3515
32,Marong,3515
35,Maroona,3377
37,Marraweeney,3669
26,Marshall,3216
36,Marungi,3634
20,Marungi,3634
8,Maryborough,3465
52,Maryknoll,3812
5,Marysville,3779
73,Maryvale,3840
56,Massey,3482
55,Matlock,3723
27,Matlock,3723
25,Maude,3331
45,McCrae,3938
32,McIntyre,3472
34,McKenzie Creek,3401
62,McKenzie Hill,3451
69,McKinnon,3204
12,McLoughlins Beach,3874
55,McMahons Creek,3799
31,McMillans,3568
31,Mead,3568
39,Meadow Creek,3678
50,Meadow Heights,3048
29,Meatian,3585
31,Meatian,3585
9,Meeniyan,3956
31,Meering West,3579
12,Meerlieu,3862
14,Melbourne,3004
77,Melbourne,3000
77,Melbourne,3004
50,Melbourne Airport,3045
10,Melton,3337
10,Melton South,3338
10,Melton West,3337
58,Melville Forest,3315
28,Melwood,3875
24,Mena Park,3373
49,Mentone,3194
55,Menzies Creek,3159
52,Menzies Creek,3159
16,Mepunga,3277
16,Mepunga East,3277
16,Mepunga West,3277
72,Merbein,3505
72,Merbein South,3505
72,Merbein West,3505
54,Meredith,3333
25,Meredith,3333
72,Meringur,3496
19,Merino,3310
71,Mernda,3754
1,Merriang,3737
1,Merriang South,3737
45,Merricks,3916
45,Merricks Beach,3926
45,Merricks North,3926
36,Merrigum,3618
28,Merrijig,3723
27,Merrijig,3723
54,Merrimu,3340
72,Merrinee,3496
27,Merton,3715
5,Merton,3715
62,Metcalfe,3448
62,Metcalfe East,3444
28,Metung,3904
51,Mia Mia,3444
42,Mia Mia,3444
50,Mickleham,3064
35,Middle Creek,3375
24,Middle Creek,3375
14,Middle Park,3206
9,Middle Tarwin,3956
37,Miepoll,3666
33,Miga Lake,3409
39,Milawa,3678
72,Mildura,3500
71,Mill Park,3082
54,Millbrook,3352
55,Millgrove,3799
57,Milloo,3572
19,Milltown,3304
31,Milnes Bridge,3579
32,Mincha,3575
31,Mincha West,3568
7,Miners Rest,3352
53,Mingay,3324
16,Minhamite,3287
33,Minimay,3413
35,Mininera,3351
16,Minjah,3276
32,Minmindie,3537
41,Minyip,3392
33,Miram,3415
73,Mirboo,3871
9,Mirboo,3871
9,Mirboo North,3871
58,Mirranatwa,3294
59,Mitcham,3132
7,Mitchell Park,3352
7,Mitchell Park,3355
37,Mitchellstown,3608
57,Mitiamo,3573
32,Mitiamo,3573
34,Mitre,3409
33,Mitre,3409
67,Mitta Mitta,3701
72,Mittyack,3490
34,Mockinya,3401
4,Modella,3816
52,Modella,3816
11,Modewarre,3240
73,Moe,3825
4,Moe,3825
73,Moe South,3825
4,Moe South,3825
11,Moggs Creek,3231
37,Moglonemby,3666
38,Mokepilly,3381
5,Molesworth,3718
32,Moliagul,3472
8,Moliagul,3472
37,Molka,3666
54,Mollongghip,3352
18,Mollongghip,3352
32,Mologa,3575
40,Molyullah,3673
55,Monbulk,3793
46,Monegeetta,3433
1,Mongans Bridge,3691
52,Monomeith,3984
47,Mont Albert,3127
59,Mont Albert,3127
59,Mont Albert North,3129
12,Montgomery,3851
68,Montmorency,3094
55,Montrose,3765
26,Moolap,3224
38,Moolerr,3477
8,Moolort,3465
24,Moonambel,3478
4,Moondarra,3825
3,Moonee Ponds,3039
8,Moonlight Flat,3465
62,Moonlight Flat,3450
57,Moora,3612
49,Moorabbin,3189
49,Moorabbin Airport,3194
26,Moorabool,3213
58,Mooralla,3314
37,Moorilim,3610
36,Moorilim,3610
37,Moormbool West,3523
12,Moornapa,3862
40,Moorngag,3673
45,Moorooduc,3933
55,Mooroolbark,3138
36,Mooroopna,3629
36,Mooroopna North,3629
36,Mooroopna North West,3616
51,Moranding,3764
49,Mordialloc,3195
58,Morgiana,3301
11,Moriac,3240
45,Mornington,3931
25,Morrisons,3334
54,Morrisons,3334
38,Morrl Morrl,3387
16,Mortlake,3272
56,Morton Plains,3482
73,Morwell,3840
28,Mossiface,3885
67,Mount Alfred,3709
1,Mount Beauty,3699
18,Mount Beckworth,3363
9,Mount Best,3960
7,Mount Bolton,3352
40,Mount Bruno,3675
1,Mount Buffalo,3740
52,Mount Burnett,3781
53,Mount Bute,3324
42,Mount Camel,3523
8,Mount Cameron,3370
7,Mount Clear,3350
35,Mount Cole,3377
35,Mount Cole Creek,3377
79,Mount Cottrell,3024
10,Mount Cottrell,3024
55,Mount Dandenong,3767
54,Mount Doran,3334
38,Mount Dryden,3381
26,Mount Duneed,3217
11,Mount Duneed,3217
9,Mount Eccles,3953
9,Mount Eccles South,3953
54,Mount Egerton,3352
45,Mount Eliza,3930
24,Mount Emu,3351
55,Mount Evelyn,3796
18,Mount Franklin,3461
8,Mount Glasgow,3371
7,Mount Helen,3350
8,Mount Hooghly,3472
24,Mount Lonarch,3468
46,Mount Macedon,3441
36,Mount Major,3646
45,Mount Martha,3934
25,Mount Mercer,3352
11,Mount Moriac,3240
58,Mount Napier,3301
7,Mount Pleasant,3350
18,Mount Prospect,3364
19,Mount Richmond,3305
7,Mount Rowan,3352
28,Mount Taylor,3875
55,Mount Toolebewong,3777
54,Mount Wallace,3342
48,Mount Waverley,3149
27,Mountain Bay,3723
4,Mountain View,3988
58,Moutajup,3294
9,Moyarra,3951
39,Moyhu,3732
38,Moyreisk,3477
35,Moyston,3377
20,Muckatah,3644
62,Muckleford,3451
62,Muckleford South,3462
1,Mudgegonga,3737
15,Mudgegonga,3737
48,Mulgrave,3170
19,Mumbannar,3304
20,Mundoona,3635
12,Munro,3862
19,Muntham,3315
58,Muntham,3315
37,Murchison,3610
36,Murchison,3610
36,Murchison East,3610
36,Murchison North,3610
25,Murgheboluc,3218
39,Murmungee,3747
29,Murnungin,3544
32,Murphys Creek,3551
34,Murra Warra,3401
41,Murra Warra,3401
31,Murrabit,3579
31,Murrabit West,3579
29,Murrawee,3586
29,Murraydale,3586
72,Murrayville,3512
28,Murrindal,3885
5,Murrindindi,3717
23,Murroon,3243
69,Murrumbeena,3163
41,Murtoa,3390
18,Musk,3461
18,Musk Vale,3461
57,Muskerry,3557
31,Myall,3579
56,Myall,3533
19,Myamyn,3304
42,Myers Flat,3556
57,Myola,3551
54,Myrniong,3341
39,Myrrhee,3732
62,Myrtle Creek,3551
42,Myrtle Creek,3551
12,Myrtlebank,3851
1,Myrtleford,3737
32,Mysia,3518
31,Mystic Park,3579
20,Mywee,3641
37,Nagambie,3608
23,Nalangil,3249
37,Nalinga,3646
36,Nalinga,3646
12,Nambrok,3847
56,Nandaly,3533
52,Nangana,3781
19,Nangeela,3312
72,Nangiloc,3494
57,Nanneella,3561
25,Napoleons,3352
52,Nar Nar Goon,3812
52,Nar Nar Goon North,3812
5,Narbethong,3778
16,Nareeb,3293
58,Nareeb,3293
58,Nareen,3315
56,Nareewillock,3525
67,Nariel Valley,3707
28,Nariel Valley,3707
20,Naring,3636
16,Naringal,3277
16,Naringal East,3277
53,Naroghid,3266
4,Narracan,3824
56,Narraport,3483
35,Narrapumelap South,3293
19,Narrawong,3285
65,Narre Warren,3805
55,Narre Warren East,3804
65,Narre Warren North,3804
65,Narre Warren South,3805
29,Narrung,3597
20,Nathalia,3638
34,Natimuk,3409
8,Natte Yallock,3465
38,Natte Yallock,3465
24,Natte Yallock,3465
29,Natya,3597
38,Navarre,3384
24,Navarre,3384
54,Navigators,3352
4,Nayook,3832
72,Neds Corner,3496
62,Neereman,3463
4,Neerim,3831
4,Neerim East,3831
4,Neerim Junction,3832
4,Neerim North,3832
4,Neerim South,3831
42,Neilborough,3570
19,Nelson,3292
9,Nerrena,3953
35,Nerrin Nerrin,3351
16,Nerrin Nerrin,3351
7,Nerrina,3350
24,Nerring,3373
30,Netherby,3418
33,Neuarpurr,3413
46,New Gisborne,3438
73,Newborough,3825
32,Newbridge,3551
18,Newbury,3458
26,Newcomb,3219
53,Newfield,3268
46,Newham,3442
6,Newhaven,3925
7,Newington,3350
28,Newlands Arm,3875
18,Newlyn,3364
18,Newlyn North,3364
28,Newmerella,3886
22,Newport,3015
12,Newry,3859
62,Newstead,3462
26,Newtown,3220
25,Newtown,3351
30,Nhill,3418
72,Nichols Point,3501
28,Nicholson,3882
3,Niddrie,3042
4,Nilma,3821
4,Nilma North,3821
56,Ninda,3533
32,Nine Mile,3518
25,Nintingbool,3351
31,Ninyeunook,3527
16,Nirranda,3268
16,Nirranda East,3268
53,Nirranda East,3268
16,Nirranda South,3268
61,Noble Park,3174
61,Noble Park North,3174
4,Noojee,3833
53,Noorat,3265
16,Noorat,3265
53,Noorat East,3265
28,Noorinbee,3890
28,Noorinbee North,3890
34,Noradjuha,3409
26,Norlane,3214
31,Normanville,3579
15,Norong,3682
42,North Bendigo,3550
18,North Blackwood,3458
26,North Geelong,3215
77,North Melbourne,3051
26,North Shore,3214
39,North Wangaratta,3678
44,North Warrandyte,3113
6,North Wonthaggi,3995
21,Northcote,3070
51,Northwood,3660
35,Norval,3377
48,Notting Hill,3168
28,Nowa Nowa,3887
24,Nowhere Creek,3469
29,Nowie,3585
1,Nug Nug,3737
62,Nuggetty,3463
51,Nulla Vale,3435
16,Nullawarre,3268
16,Nullawarre North,3268
56,Nullawil,3529
20,Numurkah,3636
76,Nunawading,3131
59,Nunawading,3131
28,Nungurner,3909
33,Nurcoung,3401
34,Nurrabiel,3401
28,Nurran,3888
44,Nutfield,3099
29,Nyah,3594
29,Nyah West,3595
56,Nyarrin,3533
28,Nyerimilang,3909
4,Nyora,3987
9,Nyora,3987
52,Nyora,3987
29,Nyrraby,3585
75,Oak Park,3046
50,Oaklands Junction,3063
48,Oakleigh,3166
48,Oakleigh East,3166
48,Oakleigh South,3167
49,Oakleigh South,3167
31,Oakvale,3540
28,Ocean Grange,3880
26,Ocean Grove,3226
52,Officer,3809
52,Officer South,3809
67,Old Tallangatta,3701
55,Olinda,3788
11,Ombersley,3241
23,Ombersley,3241
28,Omeo,3898
28,Omeo Valley,3898
23,Ondit,3249
28,Orbost,3888
16,Orford,3284
69,Ormond,3204
36,Orrvale,3631
15,Osbornes Flat,3691
9,Outtrim,3951
6,Outtrim,3951
72,Ouyen,3490
1,Ovens,3738
39,Oxley,3678
39,Oxley Flats,3678
33,Ozenkadnook,3413
53,Paaratte,3268
32,Painswick,3551
52,Pakenham,3810
52,Pakenham South,3810
52,Pakenham Upper,3810
72,Panitya,3512
16,Panmure,3265
44,Panton Hill,3759
38,Paradise,3477
12,Paradise Beach,3851
11,Paraparap,3240
64,Park Orchards,3114
76,Park Orchards,3114
49,Parkdale,3195
77,Parkville,3052
10,Parwan,3340
54,Parwan,3340
19,Paschendale,3315
75,Pascoe Vale,3044
75,Pascoe Vale South,3044
46,Pastoria,3444
46,Pastoria East,3444
70,Patchewollock,3491
72,Patchewollock,3491
57,Patho,3564
49,Patterson Lakes,3197
33,Patyah,3318
28,Paynesville,3880
45,Pearcedale,3912
65,Pearcedale,3912
12,Pearsondale,3851
39,Peechelba,3678
20,Peechelba,3678
39,Peechelba East,3678
20,Pelluebla,3727
23,Pennyroyal,3235
11,Pennyroyal,3235
16,Penshurst,3289
58,Penshurst,3289
29,Pental Island,3586
54,Pentland Hills,3341
24,Percydale,3478
33,Peronne,3413
12,Perry Bridge,3862
16,Peterborough,3270
53,Peterborough,3270
23,Petticoat Creek,3233
5,Pheasant Creek,3757
29,Piangil,3597
20,Picola,3639
20,Picola West,3639
4,Piedmont,3833
56,Pier Milan,3533
58,Pigeon Ponds,3407
25,Piggoreet,3351
34,Pimpinio,3401
57,Pine Grove,3573
36,Pine Lodge,3631
67,Pine Mountain,3709
31,Pine View,3579
6,Pioneer Bay,3984
46,Pipers Creek,3444
29,Pira,3585
27,Piries,3723
23,Pirron Yallock,3249
53,Pirron Yallock,3249
25,Pitfield,3351
24,Pittong,3360
25,Pittong,3360
44,Plenty,3090
10,Plumpton,3335
79,Point Cook,3030
45,Point Leo,3916
26,Point Lonsdale,3225
80,Point Lonsdale,3225
29,Polisbet,3585
53,Pomborneit,3260
53,Pomborneit East,3249
53,Pomborneit North,3260
38,Pomonal,3381
35,Pomonal,3381
32,Pompapiel,3571
33,Poolaijelo,3312
54,Pootilla,3352
9,Poowong,3988
4,Poowong East,3988
9,Poowong East,3988
4,Poowong North,3988
9,Poowong North,3988
18,Porcupine Ridge,3461
1,Porepunkah,3740
12,Port Albert,3971
53,Port Campbell,3269
16,Port Fairy,3284
9,Port Franklin,3964
77,Port Melbourne,3207
14,Port Melbourne,3207
9,Port Welshpool,3965
26,Portarlington,3223
19,Portland,3305
19,Portland North,3305
19,Portland West,3305
45,Portsea,3944
9,Pound Creek,3996
6,Pound Creek,3996
55,Powelltown,3797
33,Powers Creek,3312
32,Powlett Plains,3517
43,Prahran,3181
32,Prairie,3572
37,Pranjip,3666
21,Preston,3072
2,Princes Hill,3054
53,Princetown,3269
51,Puckapunyal,3662
35,Pura Pura,3271
16,Pura Pura,3271
58,Purdeet,3289
16,Purdeet,3289
16,Purnim,3278
16,Purnim West,3278
51,Pyalong,3521
32,Pyramid Hill,3575
31,Quambatook,3540
79,Quandong,3030
34,Quantong,3401
42,Quarry Hill,3550
80,Queenscliff,3225
6,Queensferry,3984
24,Raglan,3373
30,Rainbow,3424
70,Rainbow,3424
9,Ranceby,3951
24,Rathscar,3465
24,Rathscar West,3465
10,Ravenhall,3023
42,Ravenswood,3453
62,Ravenswood,3453
62,Ravenswood South,3453
4,Rawson,3825
28,Raymond Island,3880
32,Raywood,3570
42,Raywood,3570
72,Red Cliffs,3496
45,Red Hill,3937
45,Red Hill South,3937
8,Red Lion,3371
7,Redan,3350
38,Redbank,3477
24,Redbank,3477
42,Redcastle,3523
57,Redcastle,3523
42,Redesdale,3444
62,Redesdale,3444
51,Reedy Creek,3658
56,Reedy Dam,3395
28,Reedy Flat,3895
31,Reedy Lake,3579
55,Reefton,3799
44,Research,3095
21,Reservoir,3073
32,Rheola,3517
6,Rhyll,3923
35,Rhymney,3377
38,Riachella,3385
56,Rich Avon,3480
38,Rich Avon East,3480
38,Rich Avon West,3480
2,Richmond,3121
56,Richmond Plains,3518
32,Richmond Plains,3518
46,Riddells Creek,3431
37,Riggs Creek,3666
64,Ringwood,3134
64,Ringwood East,3135
64,Ringwood North,3134
76,Ringwood North,3134
4,Ripplebrook,3818
26,Rippleside,3215
14,Ripponlea,3185
34,Riverside,3401
12,Riverslea,3860
12,Robertsons Beach,3971
29,Robinvale,3549
57,Rochester,3561
46,Rochford,3442
10,Rockbank,3335
58,Rocklands,3401
18,Rocklyn,3364
35,Rocky Point,3377
4,Rokeby,3821
25,Rokewood,3330
25,Rokewood Junction,3351
46,Romsey,3434
68,Rosanna,3084
39,Rose River,3678
70,Rosebery,3395
16,Rosebrook,3285
45,Rosebud,3939
12,Rosedale,3847
38,Roses Gap,3385
1,Rosewhite,3737
57,Roslynmead,3564
25,Ross Creek,3351
35,Rossbridge,3377
38,Rostron,3477
54,Rowsley,3340
63,Rowville,3178
50,Roxburgh Park,3064
5,Rubicon,3712
9,Ruby,3953
37,Ruffy,3666
5,Ruffy,3666
1,Running Creek,3691
57,Runnymede,3558
41,Rupanyup,3388
38,Rupanyup,3388
57,Rushworth,3612
25,Russells Bridge,3331
15,Rutherglen,3685
6,Ryanston,3992
45,Rye,3941
52,Rythdale,3810
45,Safety Beach,3936
18,Sailors Falls,3461
42,Sailors Gully,3556
18,Sailors Hill,3461
12,Sale,3850
32,Salisbury West,3517
40,Samaria,3673
6,San Remo,3925
19,Sandford,3312
31,Sandhill Lake,3579
78,Sandhurst,3977
62,Sandon,3462
66,Sandringham,3191
15,Sandy Creek,3695
9,Sandy Point,3959
28,Sarsfield,3875
55,Sassafras,3787
63,Sassafras,3787
27,Sawmill Settlement,3723
25,Scarsdale,3351
63,Scoresby,3179
7,Scotchmans Lead,3352
54,Scotsburn,3352
7,Scotsburn,3352
53,Scotts Creek,3267
56,Sea Lake,3533
22,Seabrook,3028
12,Seacombe,3851
78,Seaford,3198
22,Seaholme,3018
12,Seaspray,3851
12,Seaton,3858
4,Seaview,3821
32,Sebastian,3556
42,Sebastian,3556
7,Sebastopol,3356
74,Seddon,3011
42,Sedgwick,3551
55,Selby,3159
23,Separation Creek,3234
32,Serpentine,3517
33,Serviceton,3420
55,Seville,3139
55,Seville East,3139
51,Seymour,3660
4,Shady Creek,3821
28,Shannonvale,3898
38,Shays Flat,3377
24,Shays Flat,3377
25,She Oaks,3331
37,Sheans Creek,3666
41,Sheep Hills,3392
32,Shelbourne,3515
42,Shelbourne,3515
62,Shelbourne,3515
25,Shelford,3329
67,Shelley,3701
18,Shepherds Flat,3461
36,Shepparton,3630
36,Shepparton East,3631
36,Shepparton North,3631
55,Sherbrooke,3789
45,Shoreham,3916
46,Sidonia,3444
55,Silvan,3795
6,Silverleaves,3922
53,Simpson,3266
23,Simpson,3266
28,Simpsons Creek,3888
8,Simson,3465
23,Skenes Creek,3233
23,Skenes Creek North,3233
53,Skibo,3260
32,Skinners Flat,3518
24,Skipton,3361
53,Skipton,3361
78,Skye,3977
38,Slaty Creek,3477
18,Smeaton,3364
6,Smiths Beach,3922
44,Smiths Gully,3760
18,Smokeytown,3364
1,Smoko,3741
25,Smythes Creek,3351
7,Smythes Creek,3351
25,Smythesdale,3351
24,Smythesdale,3351
24,Snake Valley,3351
7,Soldiers Hill,3350
45,Somers,3927
50,Somerton,3062
45,Somerville,3912
45,Sorrento,3943
6,South Dudley,3995
26,South Geelong,3220
22,South Kingsville,3015
14,South Melbourne,3205
71,South Morang,3752
53,South Purrumbete,3260
77,South Wharf,3006
77,South Yarra,3141
43,South Yarra,3141
14,Southbank,3006
77,Southbank,3006
16,Southern Cross,3283
54,Spargo Creek,3461
70,Speed,3488
29,Speewa,3585
22,Spotswood,3015
42,Spring Gully,3550
46,Spring Hill,3444
18,Spring Hill,3444
54,Springbank,3352
25,Springdallah,3351
56,Springfield,3544
46,Springfield,3434
39,Springhurst,3682
18,Springmount,3364
61,Springvale,3171
61,Springvale South,3172
13,St Albans,3021
26,St Albans Park,3219
44,St Andrews,3761
45,St Andrews Beach,3941
38,St Arnaud,3478
38,St Arnaud East,3477
38,St Arnaud North,3477
6,St Clair,3995
36,St Germains,3620
68,St Helena,3088
16,St Helens,3285
34,St Helens Plains,3401
20,St James,3727
14,St Kilda,3182
69,St Kilda East,3183
14,St Kilda East,3183
14,St Kilda West,3182
26,St Leonards,3223
12,Staceys Bridge,3971
25,Staffordshire Reef,3351
60,Staghorn Flat,3691
15,Staghorn Flat,3691
57,Stanhope,3623
36,Stanhope South,3623
15,Stanley,3747
26,Staughton Vale,3340
35,Stavely,3379
38,Stawell,3380
55,Steels Creek,3775
25,Steiglitz,3331
40,Stewarton,3725
36,Stewarton,3725
12,Stockdale,3862
24,Stockyard Hill,3373
25,Stonehaven,3218
35,Stoneleigh,3373
24,Stoneleigh,3373
9,Stony Creek,3957
8,Stony Creek,3371
23,Stonyford,3260
53,Stonyford,3260
12,Stradbroke,3851
62,Strangways,3461
18,Strangways,3461
56,Straten,3533
12,Stratford,3862
5,Strath Creek,3658
57,Strathallan,3622
37,Strathbogie,3666
42,Strathdale,3550
19,Strathdownie,3312
44,Strathewen,3099
42,Strathfieldsaye,3551
58,Strathkellar,3301
8,Strathlea,3364
62,Strathlea,3364
20,Strathmerton,3641
3,Strathmore,3041
3,Strathmore Heights,3041
10,Strathtulloh,3338
35,Streatham,3351
24,Streatham,3351
9,Strzelecki,3950
4,Strzelecki,3950
38,Stuart Mill,3477
23,Sugarloaf,3234
51,Sugarloaf Creek,3658
28,Suggan Buggan,3885
7,Sulky,3352
18,Sulky,3352
50,Sunbury,3429
51,Sunday Creek,3658
6,Sunderland Bay,3922
6,Sunset Strip,3922
13,Sunshine,3020
13,Sunshine North,3020
13,Sunshine West,3020
6,Surf Beach,3922
47,Surrey Hills,3127
59,Surrey Hills,3127
38,Sutherland,3477
25,Sutherlands Creek,3331
56,Sutton,3530
62,Sutton Grange,3448
26,Swan Bay,3225
29,Swan Hill,3585
29,Swan Hill West,3585
23,Swan Marsh,3249
28,Swan Reach,3903
40,Swanpool,3673
38,Swanwater,3477
38,Swanwater West,3480
28,Swifts Creek,3896
13,Sydenham,3037
32,Sylvaterre,3575
37,Tabilk,3607
58,Tabor,3289
5,Taggerty,3714
58,Tahara,3301
19,Tahara,3301
19,Tahara Bridge,3315
19,Tahara West,3310
8,Talbot,3371
67,Talgarno,3691
67,Tallandoon,3701
67,Tallangatta,3700
67,Tallangatta East,3700
67,Tallangatta South,3701
67,Tallangatta Valley,3701
51,Tallarook,3659
36,Tallygaroopna,3634
28,Tambo Crossing,3893
28,Tambo Upper,3885
28,Tamboon,3890
40,Taminick,3675
37,Tamleugh,3669
36,Tamleugh North,3669
53,Tandarook,3260
32,Tandarra,3571
15,Tangambalanga,3691
4,Tanjil Bren,3833
4,Tanjil South,3825
73,Tanjil South,3825
46,Tantaraboo,3764
24,Tanwood,3478
23,Tanybryn,3249
18,Taradale,3447
62,Taradale,3447
37,Tarcombe,3666
51,Tarcombe,3666
62,Tarilta,3451
18,Tarilta,3451
32,Tarnagulla,3551
79,Tarneit,3029
40,Tarnook,3670
16,Taroon,3265
53,Taroon,3265
12,Tarra Valley,3971
30,Tarranyurk,3414
12,Tarraville,3971
55,Tarrawarra,3775
39,Tarrawingee,3678
33,Tarrayoukyan,3315
58,Tarrayoukyan,3315
62,Tarrengower,3463
58,Tarrenlea,3315
58,Tarrington,3301
16,Tarrone,3283
9,Tarwin,3956
9,Tarwin Lower,3956
40,Tatong,3673
36,Tatura,3616
36,Tatura East,3616
35,Tatyoon,3378
1,Tawonga,3697
1,Tawonga South,3698
5,Taylor Bay,3713
10,Taylors Hill,3037
13,Taylors Lakes,3038
31,Teal Point,3579
55,Tecoma,3160
56,Teddywaddy,3527
56,Teddywaddy West,3527
25,Teesdale,3328
34,Telangatuk East,3401
20,Telford,3730
33,Telopea Downs,3420
76,Templestowe,3106
76,Templestowe Lower,3107
72,Tempy,3489
70,Tempy,3489
6,Tenby Point,3984
57,Tennyson,3572
16,Terang,3264
53,Terang,3264
5,Terip Terip,3719
32,Terrappee,3525
56,Terrappee,3525
32,Terrick Terrick,3575
57,Terrick Terrick East,3573
53,Tesbury,3260
4,Tetoora Road,3821
56,Thalia,3527
4,Thalloo,3825
63,The Basin,3154
16,The Cove,3268
6,The Gurdies,3984
12,The Heart,3851
12,The Honeysuckles,3851
55,The Patch,3792
16,The Sisters,3265
67,Thologolong,3691
71,Thomastown,3074
26,Thomson,3219
40,Thoona,3726
21,Thornbury,3071
10,Thornhill Park,3335
5,Thornton,3712
4,Thorpdale,3835
9,Thorpdale South,3824
4,Thorpdale South,3824
67,Thowgla Valley,3707
55,Three Bridges,3797
9,Tidal River,3960
53,Timboon,3268
53,Timboon West,3268
57,Timmering,3561
8,Timor,3465
8,Timor West,3465
12,Tinamba,3859
12,Tinamba West,3859
67,Tintaldra,3708
31,Tittybong,3542
29,Tol Tol,3549
27,Tolmie,3723
39,Tolmie,3723
40,Tolmie,3723
67,Tom Groggin,3707
57,Tongala,3621
28,Tonghi Creek,3890
28,Tongio,3896
52,Tonimbuk,3815
34,Tooan,3409
51,Tooborac,3522
36,Toolamba,3614
36,Toolamba West,3614
5,Toolangi,3777
55,Toolangi,3777
10,Toolern Vale,3337
46,Toolern Vale,3337
42,Toolleen,3551
57,Toolleen,3551
34,Toolondo,3401
16,Toolong,3285
12,Toongabbie,3856
73,Toongabbie,3856
9,Toora,3962
9,Toora North,3962
65,Tooradin,3980
52,Tooradin,3980
43,Toorak,3142
28,Toorloo Arm,3909
45,Tootgarook,3941
11,Torquay,3228
72,Torrita,3490
57,Torrumbarry,3562
4,Torwood,3821
28,Tostaree,3888
74,Tottenham,3012
38,Tottington,3477
7,Tourello,3363
29,Towan,3596
56,Towaninny,3527
56,Towaninny South,3527
16,Tower Hill,3283
67,Towong,3707
67,Towong Upper,3707
4,Trafalgar,3824
4,Trafalgar East,3824
4,Trafalgar South,3824
31,Tragowel,3579
73,Traralgon,3844
73,Traralgon East,3844
73,Traralgon South,3844
3,Travancore,3032
24,Trawalla,3373
5,Trawool,3660
51,Trawool,3660
38,Traynors Lagoon,3477
55,Tremont,3785
54,Trentham,3458
18,Trentham,3458
18,Trentham East,3458
46,Trentham East,3458
29,Tresco,3583
29,Tresco West,3584
9,Trida,3953
4,Trida,3953
10,Truganina,3029
79,Truganina,3029
28,Tubbut,3888
45,Tuerong,3915
38,Tulkara,3384
13,Tullamarine,3043
50,Tullamarine,3043
75,Tullamarine,3043
20,Tungamah,3728
29,Turoar,3546
70,Turriff,3488
56,Turriff East,3488
9,Turtons Creek,3960
72,Tutye,3490
51,Tyaak,3658
45,Tyabb,3913
56,Tyenna,3533
73,Tyers,3844
18,Tylden,3444
46,Tylden,3444
18,Tylden South,3444
52,Tynong,3813
52,Tynong North,3813
29,Tyntynder,3586
29,Tyntynder South,3586
19,Tyrendarra,3285
16,Tyrendarra East,3285
29,Tyrrell,3533
56,Tyrrell,3533
56,Tyrrell Downs,3533
18,Ullina,3370
33,Ullswater,3318
29,Ultima,3544
29,Ultima East,3544
20,Ulupna,3641
36,Undera,3629
72,Underbool,3509
37,Upotipotpon,3669
63,Upper Ferntree Gully,3156
55,Upper Ferntree Gully,3156
1,Upper Gundowring,3691
39,Upper Lurg,3673
40,Upper Lurg,3673
51,Upper Plenty,3756
40,Upper Ryans Creek,3673
37,Upton Hill,3664
55,Upwey,3158
12,Valencia Creek,3860
58,Vasey,3407
62,Vaughan,3451
34,Vectis,3401
6,Ventnor,3922
9,Venus Bay,3956
64,Vermont,3133
59,Vermont,3133
59,Vermont South,3133
52,Vervale,3814
4,Vesper,3833
58,Victoria Point,3294
58,Victoria Valley,3294
68,Viewbank,3084
29,Vinifera,3591
36,Violet Town,3669
37,Violet Town,3669
53,Vite Vite,3325
53,Vite Vite North,3325
28,W Tree,3885
20,Waaia,3637
32,Waanyarra,3551
53,Waarre,3269
20,Waggarandall,3646
15,Wahgunyah,3687
37,Wahring,3608
34,Wail,3401
28,Wairewa,3887
29,Waitchie,3544
38,Wal Wal,3385
39,Waldara,3678
4,Walhalla,3825
9,Walkerville,3956
9,Walkerville North,3956
9,Walkerville South,3956
54,Wallace,3352
19,Wallacedale,3303
16,Wallacedale,3303
28,Wallagaraugh,3891
38,Wallaloo,3387
38,Wallaloo East,3387
51,Wallan,3756
25,Wallinduc,3351
26,Wallington,3222
41,Wallup,3401
62,Walmer,3463
28,Walpa,3875
72,Walpeup,3507
67,Walwa,3709
57,Wanalta,3612
26,Wandana Heights,3216
31,Wandella,3579
1,Wandiligong,3744
55,Wandin East,3139
55,Wandin North,3139
19,Wando Bridge,3312
58,Wando Vale,3312
19,Wando Vale,3312
51,Wandong,3758
29,Wandown,3549
39,Wangandary,3678
28,Wangarabell,3891
39,Wangaratta,3677
39,Wangaratta South,3678
56,Wangie,3530
16,Wangoom,3279
58,Wannon,3301
63,Wantirna,3152
63,Wantirna South,3152
36,Waranga,3616
57,Waranga Shores,3612
9,Waratah Bay,3959
55,Warburton,3799
24,Wareek,3465
8,Wareek,3465
72,Wargan,3505
56,Warmur,3482
23,Warncoort,3243
56,Warne,3530
65,Warneet,3980
16,Warrabkook,3286
41,Warracknabeal,3393
4,Warragul,3820
4,Warragul South,3821
4,Warragul West,3821
35,Warrak,3377
76,Warrandyte,3113
76,Warrandyte South,3134
64,Warranwood,3134
58,Warrayure,3301
40,Warrenbayne,3670
7,Warrenheip,3352
54,Warrenheip,3352
24,Warrenmang,3478
23,Warrion,3249
17,Warrnambool,3280
16,Warrnambool,3280
19,Warrock,3312
16,Warrong,3283
34,Wartook,3401
56,Watchem,3482
56,Watchem West,3482
41,Watchem West,3482
56,Watchupga,3485
51,Waterford Park,3658
28,Waterholes,3875
24,Waterloo,3373
49,Waterways,3195
68,Watsonia,3087
68,Watsonia North,3087
44,Watsons Creek,3097
6,Wattle Bank,3995
24,Wattle Creek,3384
54,Wattle Flat,3352
7,Wattle Flat,3352
18,Wattle Flat,3352
44,Wattle Glen,3096
53,Wattle Hill,3237
7,Waubra,3352
24,Waubra,3352
26,Waurn Ponds,3216
28,Waygara,3888
7,Weatherboard,3352
32,Wedderburn,3518
32,Wedderburn Junction,3518
31,Wee Wee Rup,3568
23,Weeaproinah,3237
23,Weering,3251
53,Weerite,3260
32,Wehla,3518
10,Weir Views,3338
42,Wellsford,3551
62,Welshmans Reef,3462
9,Welshpool,3966
29,Wemen,3549
7,Wendouree,3355
11,Wensleydale,3241
25,Werneth,3352
53,Werneth,3352
18,Werona,3364
62,Werona,3364
79,Werribee,3030
79,Werribee South,3030
72,Werrimull,3496
55,Wesburn,3799
42,West Bendigo,3550
6,West Creek,3992
74,West Footscray,3012
77,West Melbourne,3003
60,West Wodonga,3690
4,Westbury,3825
31,Westby,3579
50,Westmeadows,3049
35,Westmere,3351
5,Whanregarwen,3714
57,Wharparilla,3564
18,Wheatsheaf,3461
48,Wheelers Hill,3150
42,Whipstick,3556
56,Whirily,3483
42,White Hills,3550
51,Whiteheads Creek,3660
9,Whitelaw,3950
39,Whitfield,3733
39,Whitlands,3678
26,Whittington,3219
71,Whittlesea,3757
23,Whoorel,3243
39,Whorouly,3735
39,Whorouly East,3735
39,Whorouly South,3735
37,Whroo,3612
35,Wickliffe,3379
20,Wilby,3728
9,Wild Dog Valley,3953
50,Wildwood,3429
41,Wilkur,3393
56,Wilkur,3393
56,Willangie,3485
16,Willatook,3283
35,Willaura,3379
35,Willaura North,3379
41,Willenabrina,3393
79,Williams Landing,3027
22,Williamstown,3016
22,Williamstown North,3016
4,Willow Grove,3825
51,Willowmavin,3764
25,Willowvale,3360
12,Willung,3847
12,Willung South,3847
42,Wilsons Hill,3515
9,Wilsons Promontory,3960
6,Wimbledon Heights,3922
11,Winchelsea,3241
23,Winchelsea,3241
11,Winchelsea South,3241
7,Windermere,3352
14,Windsor,3181
43,Windsor,3181
28,Wingan River,3891
25,Wingeel,3321
23,Wingeel,3321
38,Winjallok,3477
29,Winlaton,3585
29,Winnambool,3546
19,Winnap,3304
12,Winnindoo,3858
16,Winslow,3281
7,Winter Valley,3358
40,Winton,3673
40,Winton North,3673
37,Wirrate,3608
28,Wiseleigh,3885
60,Wodonga,3690
71,Wollert,3750
28,Wombat Creek,3888
33,Wombelano,3409
12,Won Wron,3971
9,Wonga,3960
64,Wonga Park,3115
55,Wonga Park,3115
76,Wonga Park,3115
23,Wongarra,3234
6,Wonthaggi,3995
34,Wonwondah,3401
12,Wonyip,3962
29,Wood Wood,3596
46,Woodend,3442
46,Woodend North,3442
27,Woodfield,3715
16,Woodford,3281
17,Woodford,3281
28,Woodglen,3875
58,Woodhouse,3294
6,Woodleigh,3945
27,Woods Point,3723
12,Woodside,3874
12,Woodside Beach,3874
12,Woodside North,3874
71,Woodstock,3751
32,Woodstock On Loddon,3551
32,Woodstock West,3463
42,Woodvale,3556
23,Wool Wool,3249
6,Woolamai,3995
12,Woolenook,3860
32,Woolshed Flat,3518
16,Woolsthorpe,3276
70,Woomelang,3485
15,Wooragee,3747
9,Woorarra East,3962
9,Woorarra West,3960
9,Wooreen,3953
55,Woori Yallock,3139
29,Woorinen,3589
29,Woorinen North,3589
29,Woorinen South,3588
16,Woorndoo,3272
35,Woorndoo,3272
56,Wooroonook,3525
56,Woosang,3518
32,Woosang,3518
58,Wootong Vale,3315
28,Wroxham,3891
28,Wuk Wuk,3875
28,Wulgulmerang,3885
28,Wulgulmerang East,3885
20,Wunghnu,3635
11,Wurdiboluc,3241
12,Wurruk,3850
28,Wy Yung,3875
56,Wycheproof,3527
56,Wycheproof South,3527
32,Wychitella,3525
32,Wychitella North,3525
23,Wye River,3234
23,Wyelangta,3237
79,Wyndham Vale,3024
57,Wyuna,3620
57,Wyuna East,3620
70,Yaapeet,3424
20,Yabba North,3646
20,Yabba South,3646
15,Yackandandah,3749
20,Yalca,3637
35,Yalla-Y-Poora,3378
68,Yallambie,3085
73,Yallourn,3825
4,Yallourn North,3825
73,Yallourn North,3825
16,Yambuk,3285
57,Yambuna,3621
44,Yan Yean,3755
71,Yan Yean,3755
30,Yanac,3418
9,Yanakie,3960
32,Yando,3537
18,Yandoit,3461
62,Yandoit Hills,3461
16,Yangery,3283
17,Yangery,3283
52,Yannathan,3981
62,Yapeen,3451
5,Yarck,3719
16,Yarpturk,3283
55,Yarra Glen,3775
55,Yarra Junction,3797
32,Yarraberb,3516
4,Yarragon,3823
4,Yarragon South,3823
12,Yarram,3971
44,Yarrambat,3091
74,Yarraville,3013
32,Yarrawalla,3575
20,Yarrawonga,3730
20,Yarrawonga South,3730
20,Yarroweyah,3644
58,Yatchaw,3301
56,Yawong Hills,3478
5,Yea,3717
55,Yellingbo,3139
72,Yelta,3505
54,Yendon,3352
23,Yeo,3249
23,Yeodene,3249
55,Yering,3770
56,Yeungroon,3525
56,Yeungroon East,3525
20,Yielima,3638
73,Yinnar,3869
73,Yinnar South,3869
20,Youanmite,3646
20,Youarang,3728
58,Yulecart,3301
20,Yundool,3727
50,Yuroke,3063
23,Yuulong,3237
36,Zeerust,3634
